{"plantFeet":false,
"IKPositionWeight":1.0,
"spine_positionWeight":1.0,
"spine_rotationWeight":1.0,
"spine_pelvisPositionWeight":1.0,
"spine_pelvisRotationWeight":1.0,
"spine_chestGoalWeight":0.0,
"spine_minHeadHeight":0.8,
"spine_bodyPosStiffness":0.2,
"spine_bodyRotStiffness":0.1,
"spine_neckStiffness":0.1,
"spine_rotateChestByHands":1.0,
"spine_chestClampWeight":0.5,
"spine_headClampWeight":0.6,
"spine_moveBodyBackWhenCrouching":0.5,
"spine_maintainPelvisPosition":0.2,
"spine_maxRootAngle":180.0,
"leftArm_armLengthMlp":1.0,
"leftArm_positionWeight":1.0,
"leftArm_rotationWeight":1.0,
"leftArm_shoulderRotationWeight":1.0,
"leftArm_shoulderTwistWeight":1.0,
"leftArm_bendGoalWeight":0.5,
"leftArm_swivelOffset":0.0,
"leftArm_wristToPalmAxis":{"x":-1.0,
"y":0.0,
"z":0.0},
"leftArm_palmToThumbAxis":{"x":0.0,
"y":0.0,
"z":-1.0},
"rightArm_armLengthMlp":1.0,
"rightArm_positionWeight":1.0,
"rightArm_rotationWeight":1.0,
"rightArm_shoulderRotationWeight":1.0,
"rightArm_shoulderTwistWeight":1.0,
"rightArm_bendGoalWeight":0.5,
"rightArm_swivelOffset":0.0,
"rightArm_wristToPalmAxis":{"x":-1.0,
"y":0.0,
"z":0.0},
"rightArm_palmToThumbAxis":{"x":0.0,
"y":0.0,
"z":1.0},
"leftLeg_legLengthMlp":1.0,
"leftLeg_positionWeight":1.0,
"leftLeg_rotationWeight":1.0,
"leftLeg_bendGoalWeight":0.5,
"leftLeg_swivelOffset":0.0,
"leftLeg_bendToTargetWeight":0.5,
"rightLeg_legLengthMlp":1.0,
"rightLeg_positionWeight":1.0,
"rightLeg_rotationWeight":1.0,
"rightLeg_bendGoalWeight":0.5,
"rightLeg_swivelOffset":0.0,
"rightLeg_bendToTargetWeight":0.5}