{"headTargetOffset":{"x":-80.0,"y":0.0,"z":-90.0},"bodyOffset":{"x":90.0,"y":114.0,"z":0.0},"leftHandOffset":{"x":0.0,"y":-90.0,"z":180.0},"rightHandOffset":{"x":0.0,"y":90.0,"z":-180.0},"leftFootOffset":{"x":0.0,"y":-90.0,"z":0.0},"rightFootOffsets":{"x":0.0,"y":-90.0,"z":0.0},"spineOffset":{"x":90.0,"y":114.0,"z":0.0},"thighLOffset":{"x":0.0,"y":-90.0,"z":90.0},"thighROffset":{"x":0.0,"y":-90.0,"z":90.0},"upperArmLOffset":{"x":0.0,"y":-90.0,"z":180.0},"upperArmROffset":{"x":0.0,"y":90.0,"z":-180.0},"handPosoffset":{"x":-0.05,"y":0.0,"z":0.0},"footPosoffset":{"x":0.0,"y":0.0,"z":0.0},"ArmPosoffset":{"x":0.0,"y":0.03,"z":0.0},"thighPosoffset":{"x":0.0,"y":0.05,"z":0.0}}